date,codf,DO,temp,ammo,nit,ph,tw,tl,th,wh,vol,den,den1,den2,den3,den4,den5,sw1,sw2,sw3,sw4,sw5,sw6,sw7,sw8,bf,bf1,bf2,rr,bw,tlf,slf,exl,exlg1,exlg2,exlg3,exlg4,exlg5,ects,ectst,ectst2,ectsn4,sectsn4,ectg,ectgt,ectgt2,ectgn4,sectgn4,level,qua1,qua2,qua3,dura,lot,size,sepa1,sepa2,ndna,dsdna,pcr1,pcr2
9-9-2564,AD1,6.3,24.7,1,0.5,7.8,25,73,38,28.5,52.0125,2,0,1,0,24,4,0,0,0,0,1,0,0,0,1,1,0,68,3,4.6,3.3,เหงือกซีด,0,1,0,0,0,1,Monogenean,1,8,1,0,0,0,0,0,2,0,ไม่มีการกักโรคแต่จะใส่ยาแทน,4,,1,1,1,1,1.907,751.31,0,0
9-9-2564,AD2,7.3,24.6,0.2,0.01,7.89,43,66.5,46,27,77.2065,1,1,0,0,4,1,0,1,0,0,0,0,0,0,2,0,1,96,11.4,6,5.1,เหงือนกร่อน,0,1,0,0,0,0,0,0,0,0,1,Monogenean,1,2,1,1,0,ไม่มีการกักโรคแต่จะใส่ยาแทน,4,,1,1,1,1,1.987,1579,1,0
8-10-2564,AD3,5.09,25,0.2,0.05,7.45,42,67,43,30,84.42,2,0,1,0,14,3,1,0,0,0,0,0,0,0,2,0,1,140,42.3,10,8.4,Scale loss ครีบกร่อน ผิวหนังมีจุดเลือดออก เหงือกกร่อน,0,1,1,0,0,1,"Tricodina,Monogenean",5,"80,5",6,1,"Tricodina,Monogenean",5,"2,2",1,4,1,มีการแยกเลี้ยง หรือในตู้ที่เลี้ยงรวมก็ทำการกักโรค,1,1,1,1,1,1,1.835,226,1,1
8-10-2564,AD4,4.47,27.5,0.2,0.05,7.55,39,75,38,27,78.975,3,0,0,1,100,5,0,0,0,0,0,1,0,0,1,1,0,104,1.5,5,2.8,Normal,1,0,0,0,0,1,Trichodina,2,0,0,0,0,0,0,0,1,1,มีการแยกเลี้ยง หรือในตู้ที่เลี้ยงรวมก็ทำการกักโรค,1,1,1,1,1,1,1.88,334.46,0,0
8-10-2564,AD5,4.19,24.8,0.4,0.2,7.4,75,90,46,35,236.25,3,0,0,1,100,5,1,0,0,0,0,0,0,0,2,0,1,90,9.5,7.1,5,dorsal and caudal fin กร่อน เหงือกซีด,0,1,1,0,0,1,"Monogenean,Trichodina",5,"5,3",1,0,0,0,0,0,2,1,มีการแยกเลี้ยง หรือในตู้ที่เลี้ยงรวมก็ทำการกักโรค,1,1,1,1,1,1,1.865,468.38,0,0
6-11-2564,AD6,5.79,24,0.2,0,7.92,52.5,147.5,38,30,232.3125,3,0,0,1,150,6,0,1,0,0,1,0,0,0,1,1,0,48,5.7,6.4,4.3,hemorrhage บริเวณผิวหนังด้านขวา เหงือกซีดและกร่อน,0,1,1,0,0,1,"Tricodina,Monogenean",5,"33,1",4,0,0,0,0,0,4,1,มีการแยกเลี้ยง หรือในตู้ที่เลี้ยงรวมก็ทำการกักโรค,1,1,1,1,1,1,1.787,2633.4,1,1
6-11-2564,AD7,4.35,24.4,0.4,0.02,7.68,46,91.5,47,36,151.524,3,0,0,1,85,5,0,1,1,0,0,0,0,0,1,1,0,120,16.3,8.2,7.6,เหงือกซีดและกร่อน พบแผลหลุมบริเวณด้านบนหัวและพบเลือดออกในช่องท้อง,0,1,1,1,0,1,Monogenean,1,9,1,1,"Monogenean,Centocestus",13,"1,1",1,2,1,มีการแยกเลี้ยง หรือในตู้ที่เลี้ยงรวมก็ทำการกักโรค,1,1,1,1,1,1,1.821,2592.5,1,1
6-11-2564,AD8,5.37,24.3,0.04,0.05,7.81,46,91.5,47,38,159.942,3,0,0,1,140,6,0,1,0,0,0,0,0,0,1,1,0,120,6.3,6.3,4.7,พบจุดเลือดออกบริเวณ caudal fin เหงือกซีดและกร่อน congestion at base og gill และพบเลือดออกในช่องท้อง,0,1,1,1,0,1,Monogenean,1,0,0,1,"Piscinoodinium, Monogenean",7,4,1,1,1,มีการแยกเลี้ยง หรือในตู้ที่เลี้ยงรวมก็ทำการกักโรค,1,1,1,1,1,1,1.864,1968.7,1,1
9-9-2564,L1,5.8,25.7,1,0.01,7.91,43,45,40,15,29.025,1,1,0,0,3,1,0,0,0,0,0,0,0,1,2,0,1,120,11.5,8.5,3,operculum ผิดรูป,0,0,0,0,1,0,0,0,0,0,0,0,0,0,0,0,1,เมื่อนำปลาลงตู้ทำการใส่เกลือและยาเหลือง,5,,1,1,1,0,1.897,1245.4,0,0
9-9-2564,L2,3,26,0.2,0.02,7.18,43,45,40,17,32.895,2,0,1,0,25,4,0,0,0,0,1,0,0,0,1,1,0,,5.4,6.5,3.5,Normal,1,0,0,0,0,1,"Monogenean,Trichodina",5,"9,1",1,0,0,0,0,0,2,1,เมื่อนำปลาลงตู้ทำการใส่เกลือและยาเหลือง,5,,1,1,1,0,1.873,2128.5,1,1
8-10-2564,L3,5.61,25.6,0.4,0,8.44,45,45,39,13,26.325,1,1,0,0,2,1,0,0,0,0,0,1,0,0,1,1,0,96,25.1,12.5,7,ventral skin and caudal fin มีจุดเลือดออก เหงือกซีด,0,1,1,0,0,1,Monogenean,1,20,2,0,0,0,0,0,3,1,ทำการแยกเลี้ยงตู้ใหม่,1,1,1,1,1,0,1.932,1777.1,0,0
8-10-2564,L4,5.7,28.1,0,0,8.06,42,45,37,23,43.47,1,1,0,0,5,1,0,0,1,0,0,1,0,0,2,0,1,56,4.7,6.3,3.7,Normal,1,0,0,0,0,0,0,0,0,0,1,Monogenean,1,1,1,1,1,ทำการแยกเลี้ยงตู้ใหม่,1,1,1,1,1,0,2.232,1831.1,1,1
8-10-2564,L5,4.88,25.7,0,0.05,7.32,60,90,37,29,156.6,3,0,0,1,20,3,1,0,1,0,0,0,0,0,2,0,1,116,43,11,6.8,Pectoral fin มีจุดเลือดออก,0,0,1,0,0,1,Monogenean,1,9,1,1,Monogenean,1,0,0,2,1,ทำการแยกเลี้ยงตู้ใหม่,1,1,1,1,1,0,2.437,1540.7,0,0
6-11-2564,L6,5.78,25.8,0,0.02,7.74,46,91.5,41,20,84.18,3,0,0,1,50,4,1,0,0,0,0,0,0,0,2,0,1,90,10.6,7.4,4.8,พบจุดเลือดออกและ scale loss บริเวณ right peduncle,0,0,1,0,0,1,Monogenean,1,3,1,1,"Monogenean,Trichodina",5,"7,2",1,3,1,ใส่ยา TOP,4,1,1,1,1,0,1.865,1207.2,0,0
6-11-2564,L7,4.03,24.5,0.4,0.1,6.3,46,91.5,38,21,88.389,2,0,1,0,20,3,1,0,0,0,0,0,0,0,2,0,1,114,13.4,9.2,5.3,Argulus spp. บริเวณผิวหนังและ caudal fin 9 ตัว และพบน้ำในช่องท้อง,0,0,0,1,1,1,"Monogenean,Trichodina",5,"8,64",6,1,Monogenean,1,25,3,4,1,มีการแยกเลี้ยง,1,1,1,1,1,0,1.801,1134.9,0,0
6-11-2564,L8,6.51,24.4,0.2,0.02,7.38,46,91.5,38,18,75.762,2,0,1,0,16,3,1,0,0,0,0,0,0,0,1,1,0,72,15.2,8.3,6.1,พบจุดขาวบริเวณผิวหนังและครีบ,0,0,0,0,1,1,"Ichth,Monogenean",6,"5,12",2,1,Monogenean,1,12,2,3,1,มีการแยกเลี้ยง,1,1,1,1,1,0,1.819,1611.9,1,1
9-9-2564,AN1,6.8,26,0.2,0.02,7.77,41,37,39,35,53.095,1,1,0,0,6,2,0,0,0,0,1,0,1,0,1,1,0,70,6,7.3,4.3,Normal,1,0,0,0,0,1,Monogenean,1,1,1,1,Monogenean,1,25,3,3,1,ทำการแยกตู้และใส่ยา,2,2,1,1,1,1,1.649,2337,0,0
9-9-2564,AN2,6.1,26.2,0.2,0.02,7.74,41,37,39,35,53.095,2,0,1,0,30,4,0,0,0,0,0,0,1,0,2,0,1,60,2.8,5,2.7,Normal,1,0,0,0,0,0,0,0,0,0,0,0,0,0,0,0,1,ทำการแยกตู้และใส่ยา,2,2,1,1,1,1,1.767,2225,0,0
8-10-2564,AN3,6.83,26.8,0,0,7.8,41,37,39,35,53.095,1,1,0,0,5,1,0,0,0,0,1,0,0,0,1,1,0,96,2.9,5,3.7,ครีบกร่อน (caudal and anal fin ) มีเมือกมาก สีซีด,0,0,1,0,0,1,Monogenean,1,0,0,1,Monogenean,1,0,0,1,1,ทำการแยกเลี้ยง,1,1,1,1,1,0,1.745,1378.1,1,1
8-10-2564,AN4,6.73,26.3,0.2,0.05,7.61,41,37,39,35,53.095,1,1,0,0,2,1,0,0,0,0,1,0,0,0,1,1,0,68,2.5,7.2,4.3,ครีบกร่อน (caudal fin ),0,0,0,1,0,0,0,0,0,0,0,0,0,0,0,0,1,ทำการแยกเลี้ยง,1,1,1,1,1,0,1.958,2098.8,0,1
8-10-2564,AN5,5.82,26.7,0.2,0.02,7.84,41,37,39,35,53.095,3,0,0,1,50,4,1,0,0,0,0,0,0,0,2,0,1,128,2.2,5.2,3.3,พบจุดเลือดออกที่ pectoral fin เหงือกกร่อนและซีด,0,1,1,0,0,0,0,0,0,0,0,0,0,0,0,0,1,ทำการแยกเลี้ยง,1,1,1,1,1,0,1.958,1673.7,1,1
6-11-2564,AN6,5.87,25.7,0.2,0.02,8.17,41,37,39,35,53.095,2,0,1,0,15,3,0,0,0,0,1,0,0,0,1,1,0,60,7.3,8.3,4.5,เหงือกซีดและกร่อน,0,1,0,0,0,1,Piscinoodinium,3,26,3,0,0,0,0,0,0,1,ทำการแยกเลี้ยง,1,1,1,1,1,0,1.865,1464.5,1,1
6-11-2564,AN7,6.72,25.7,0,0.02,7.93,41,37,39,35,53.095,1,1,0,0,3,1,1,0,0,0,0,0,0,0,2,0,1,156,7.6,7,4.2,Caudal fin กร่อน,0,0,1,0,0,0,0,0,0,0,1,Monogenean,1,3,1,1,1,ทำการแยกเลี้ยง,1,1,1,1,1,0,1.874,2303.7,0,0
6-11-2564,AN8,5.57,25.8,0,0.05,7.9,41,37,39,35,53.095,2,0,1,0,20,3,0,1,1,0,0,0,0,0,1,1,0,96,2.3,5.5,3.2,เหงือกซีดและกร่อน,0,1,0,0,0,1,Piscinoodinium,3,0,0,1,Monogenean,1,4,1,1,1,ทำการแยกเลี้ยง,1,1,1,1,1,0,1.86,2197.2,1,1
10-9-2564,AU1,5.9,25.6,0,0.02,8.32,30,50,30,25,37.5,1,1,0,0,3,1,1,0,0,0,0,0,0,0,2,0,1,56,6.2,5.9,3.8,ครีบหลัง ครีบอก และหางกร่อน,0,0,1,0,0,0,0,0,0,0,1,Monogenean,1,1,1,1,1,ใส่ยา Acriflavin ประมาณ 3 วัน,4,2,0,1,0,1,1.905,1160.3,0,0
10-9-2564,AU2,5.8,25.5,0,0.01,8.5,40,60,45,29,69.6,1,1,0,0,1,1,1,0,0,0,0,0,0,0,2,0,1,44,2.9,5.3,3.1,dorsal fin กร่อน,0,0,1,0,0,1,Monogenean,1,0,0,0,0,0,0,0,1,1,ใส่ยา Acriflavin ประมาณ 3 วัน,4,2,0,1,0,1,1.802,1568.1,0,0
10-17-2564,AU3,6.82,23.8,0.2,0,7.88,47,60.5,53,34,96.679,2,0,1,0,10,2,0,0,0,0,0,1,0,0,1,1,0,80,12.9,10.5,6.1,Normal,1,0,0,0,0,1,Monogenean,1,2,1,1,Monogenean,1,2,1,1,1,ใส่ยา Acriflavin ประมาณ 3 วัน,4,2,0,1,0,1,3.543,890.65,0,0
10-17-2564,AU4,6.96,23.8,0,0,7.69,30.5,51,31,26,40.443,1,1,0,0,5,1,1,0,0,0,0,0,0,0,2,0,1,90,3.6,7.2,4.8,ครีบกร่อนบริเวณ dorsal fin,0,0,1,0,0,1,Monogenean,1,1,1,0,0,0,0,0,1,1,ใส่ยา Acriflavin ประมาณ 3 วัน,4,2,0,1,0,1,1.682,394.54,0,0
10-17-2564,AU5,7.4,23.8,0,0,7.89,47,60.5,53,35.5,100.9443,1,1,0,0,9,2,1,0,0,0,0,0,0,0,2,0,1,104,5.2,7.3,4.2,Normal,1,0,0,0,0,0,0,0,0,0,0,0,0,0,0,0,1,ใส่ยา Acriflavin ประมาณ 3 วัน,4,2,0,1,0,1,1.839,989.28,0,0
5-11-2564,AU6,6.39,25.7,0,0,8.26,47,60.5,53,35.5,100.9443,1,1,0,0,6,2,1,0,0,0,0,0,0,0,1,1,0,100,4.5,7.4,4.4,ครีบกร่อน (caudal fin),0,0,1,0,0,1,"Piscinoodinium Monogenean,Trichodina",11,"8,11,1",2,1,"Monogenean,Trichodina",5,"13,1",2,3,1,ใส่ยา Acriflavin ประมาณ 3 วัน,4,2,0,1,0,1,1.756,424.76,0,0
5-11-2564,AU7,6.68,25.7,0,0,8.23,47,60.5,53,34,96.679,1,1,0,0,1,1,1,0,1,0,0,0,0,0,2,0,1,140,12.1,9.2,5.7,พบจุดเลือดออกบริเวณ caudal fin พบน้ำในช่องท้อง,0,0,1,1,0,1,Monogenean,1,10,1,1,Monogenean,1,1,1,2,1,ใส่ยา Acriflavin ประมาณ 3 วัน,4,2,0,1,0,1,1.755,893.07,0,0
5-11-2564,AU8,5.67,25.6,0,0,7.81,31,76.5,30.5,25,59.2875,1,1,0,0,8,2,1,0,0,0,0,0,0,0,2,0,1,148,7.6,6.7,4.7,ผิวหนังซีด พบจุดเลือดออกบริเวณ caudal fin เหงือกซีดและเปื่อย,0,1,1,0,0,1,"Monogenean,Trichodina",5,"1,5",1,0,0,0,0,0,2,1,ใส่ยา Acriflavin ประมาณ 3 วัน,4,2,0,1,0,1,1.765,1119.2,0,0
10-9-2564,F1,6,23.8,0.2,0.05,7.9,42,38,46,32.5,51.87,2,0,1,0,18,3,0,0,0,0,0,1,0,0,1,1,0,60,8.3,6.5,3.7,"ครีบกร่อนที่ caudal fin, เหงือกกร่อนและซีด",0,1,1,0,0,0,0,0,0,0,0,0,0,0,0,0,1,"ใส่ยาเหลือง, Bionoc,เกลือ",5,2,1,1,1,0,1.881,1710,0,1
10-9-2564,F2,6.6,24,0,0.01,8.03,37,91,37.5,29,97.643,1,1,0,0,1,1,0,0,0,0,1,0,0,0,1,1,0,36,18,8.5,5.5,"ครีบและเหงือกกร่อน, มีเมือกมาก, เห็บปลา Argulus spp. 11 ตัวที่หาง",0,1,1,0,1,0,0,0,0,0,0,0,0,0,0,0,1,"ใส่ยาเหลือง, Bionoc,เกลือ",5,2,1,1,1,0,1.824,1515.7,0,0
10-17-2564,F3,7.7,22,0,0.2,7.74,36.5,38.5,39.5,29,40.75225,1,1,0,0,2,1,1,0,0,0,0,0,0,0,1,1,0,84,9.2,8.3,5.2,เหงือกกร่อนและซีด,0,1,0,0,0,1,"Piscinoodinium , trichodina",8,"100,15",7,1,"Piscinoodinium, Monogenean",7,"80,3",6,4,1,ใส่ยาเหลือง,4,2,1,1,1,0,2.022,1045.1,0,0
10-17-2564,F4,7.34,21.7,0,0.02,7.86,41.1,38.5,38.5,30,47.4705,2,0,1,0,13,3,1,0,0,0,0,0,0,0,2,0,1,120,9.7,7.8,4.6,เห็บปลา Argulus spp. 1 ตัวที่ caudal fin,0,0,0,0,1,0,0,0,0,0,0,0,0,0,0,0,1,ใส่ยาเหลือง,4,2,1,1,1,0,2,1334.3,0,0
10-17-2564,F5,7.19,22,1,0.05,6.92,41.1,38.5,38.5,27,42.72345,1,1,0,0,4,1,1,0,0,0,0,0,0,0,1,1,0,54,22.3,10.2,7.2,จุดเลือดออกที่ผิวหนังและก้นด้านซ้าย,0,0,1,0,0,1,"Piscinoodinium, Monogenean",7,"80,14",6,1,Piscinoodinium,3,40,4,4,1,ใส่ยาเหลือง,4,2,1,1,1,0,1.862,1504.9,0,0
5-11-2564,F6,7.1,23.8,0.2,0.05,7.87,38.5,38.5,31,22,32.6095,1,1,0,0,1,1,0,0,0,0,0,1,0,0,2,0,1,72,31,8.8,6.8,"ครีบกร่อนทุกครีบ, จุดเลือดออกที่ dorsal fin และ caudal fin, จุดขาวที่เหงือกและครีบ",0,0,1,0,1,1,Ichth,4,300,7,1,"Ichth,Monogenean",6,"40,12",6,4,1,ใส่ยาเหลือง,4,2,1,1,1,0,1.848,2872.9,0,0
5-11-2564,F7,6.25,24,0.4,0.5,7.61,36.5,38,39.5,30,41.61,3,0,0,1,20,3,0,0,0,0,0,0,1,0,1,1,0,60,3.6,6,3.2,"ครีบกร่อนที่ dorsal fin, anal fin และ caudal fin, เหงือกเกิด congestion",0,1,1,0,0,1,Ichth,4,1,1,1,Piscinoodinium,3,2,1,4,1,ใส่ยาเหลือง,4,2,1,1,1,0,1.811,3797.8,0,1
5-11-2564,F8,6.48,24.4,0.2,0.02,7.66,41,38.5,38.5,29.5,46.56575,2,0,1,0,8,2,0,0,0,0,1,0,0,0,1,1,0,60,19.2,11,7,"เหงือกกร่อนและซีด, ผิวหนังซีด, น้ำในช่องท้อง",0,1,1,1,0,0,0,0,0,0,1,"Piscinoodinium, Monogenean",7,"14,1",2,2,1,ใส่ยาเหลือง,4,2,1,1,1,0,1.807,2982.5,0,0
10-9-2564,J1,4.1,24.2,0.6,0.02,5.64,30,50,31,18,27,1,1,0,0,4,1,0,0,0,0,0,1,0,0,2,0,1,66,2.6,4.3,3,"เหงือกกร่อน, จุดขาวที่ผิวหนังบริเวณหลังแผ่นปิดเหงือก",0,1,0,0,1,0,0,0,0,0,1,"Monogenean, Piscinoodinium",7,5,1,1,1,ใส่ยาฆ่าปรสิตและโรคเหงือก ประมาณ3วัน,4,3,1,1,1,0,1.859,1453.9,1,1
10-9-2564,J2,6.1,24.2,0,0.01,5.83,30,50,50,31,46.5,1,1,0,0,3,1,0,0,0,0,0,1,1,0,1,1,0,50,5.1,6.4,4.4,"ครีบกร่อนทุกครีบ, เหงือกกร่อน",0,1,1,0,0,1,"Monogenean, Piscinoodinium",7,"20,100",7,1,"Monogenean, Piscinoodinium",7,"27,100",7,4,1,ใส่ยาฆ่าปรสิตและโรคเหงือก ประมาณ3วัน,4,3,1,1,1,0,1.828,1639.1,1,1
10-9-2564,J3,5.2,24.3,10,0.02,4.51,38,50,38,18,34.2,1,1,0,0,4,1,0,0,0,0,1,0,0,0,1,1,0,46,46.1,11,7.7,เหงือกกร่อน,0,1,0,0,0,1,Piscinoodinium,3,100,6,1,"Monogenean, Piscinoodinium",7,"3,2",1,4,1,ใส่ยาฆ่าปรสิตและโรคเหงือก ประมาณ3วัน,4,3,1,1,1,0,1.816,1717.9,1,1
10-17-2564,J4,4.66,23,0.2,0.02,7.67,43,39,39,23,38.571,3,0,0,1,20,3,0,0,0,0,0,1,0,0,1,1,0,120,9.3,7.8,4.8,"ครีบกร่อนทุกครีบ, เหงือกกร่อน, เมือกสีขาวบริเวณครีบ",0,1,1,0,0,1,Monogenean,1,2,1,1,"Monogenean, Piscinoodinium",7,"8,3",2,2,1,ใส่ยากันจุดขาว,4,2,1,1,1,0,1.882,2494.6,1,1
10-17-2564,J5,6.46,22.4,2,0.5,7.13,30.5,51,31,24,37.332,2,0,1,0,17,3,1,0,0,0,0,0,0,0,1,1,0,100,13.9,6.5,5,Normal,1,0,0,0,0,1,Monogenean,1,1,1,0,0,0,0,0,1,1,ใส่ยากันจุดขาว,4,2,1,1,1,0,2.061,1169,1,1
5-11-2564,J6,4.55,24.9,0.4,1,7.28,42,51,39.5,23,49.266,3,0,0,1,25,4,0,0,0,0,0,1,0,0,1,1,0,140,6.8,7.2,4.6,"เหงือกกร่อนและซีด, เลือดออกในช่องท้อง",0,1,0,1,0,1,Piscinoodinium,3,50,5,1,Piscinoodinium,3,30,3,4,1,ใส่ยาเหลือง,4,2,1,1,1,0,1.836,898.56,1,1
5-11-2564,J7,4.4,24.6,0,1,7.52,38.5,38,31,26,38.038,2,0,1,0,30,4,1,0,0,0,0,1,0,0,2,0,1,,3.7,4.3,3.8,"ครีบกร่อนที่ anal fin และ caudal fin, เหงือกกร่อนและซีด, จุดเลือดออกที่ตาทั้งสองข้างและก้น",0,1,1,0,0,1,Piscinoodinium,3,4,1,1,Piscinoodinium,3,10,1,2,1,ใส่ยาเหลือง,4,2,1,1,1,0,1.86,1224.5,1,1
5-11-2564,J8,5.93,25.6,1,0.05,4.97,41.5,153,31.5,15,95.2425,2,0,1,0,11,3,0,0,0,0,1,0,0,0,1,1,0,88,26.5,8.5,5.3,เหงือกกร่อน,0,1,0,0,0,1,Monogenean,1,2,1,1,Monogenean,1,1,1,1,1,ใส่ยาเหลือง,4,2,1,1,1,0,1.836,1102.6,1,1
10-9-2564,FM1,6,24.6,0,0.02,7.46,50,76,50,38,144.4,2,0,1,0,42,4,1,0,0,0,0,0,0,0,2,0,1,78,2.5,4.8,3.3,"จุดขาวที่ anal fin และ caudal fin, จุดเลือดออกที่ผิวหนัง",0,0,1,0,1,1,"Ichth,Monogenean",6,"2,1",1,1,Ichth,4,40,4,4,1,เอาปลาลงตู้และใส่ยา,4,2,1,1,1,0,1.794,1406.1,1,1
10-9-2564,FM2,6.6,24.8,0,0.01,7.89,50,152,50,40,304,1,1,0,0,17,3,1,0,0,0,0,0,0,0,2,0,1,60,4.6,5.9,3.5,"จุดขาวที่ dorsal fin และ caudal fin, ผิวหนังและเหงือก",0,0,0,0,1,1,"Ichth(2),Trichodina(1)",10,2,1,1,Ichth,4,63,6,4,1,เอาปลาลงตู้และใส่ยา,4,2,1,1,1,0,1.855,1399.2,0,0
10-17-2564,FM3,7.25,23,0,0,8.43,47,138,47,38,246.468,1,1,0,0,25,4,0,0,0,0,1,0,1,0,1,1,0,60,6.2,7,4,Hypermelanization ที่ก้นด้านขวา,0,0,1,0,0,1,Monogenean,1,2,1,1,Monogenean,1,16,2,3,1,เอาปลาลงตู้และใส่ยา,4,2,1,1,1,0,1.824,2065.5,0,1
10-17-2564,FM4,6.03,27,0.02,0,8.21,47,76,47,38,135.736,1,1,0,0,9,2,1,0,0,0,0,0,0,0,2,0,1,120,2.4,4.8,3.5,หนอนสมอ Lernaea spp. ที่ผิวหนังส่วนหลังด้านขวา,0,0,0,0,1,0,0,0,0,0,1,Centocestus,12,1,1,1,1,เอาปลาลงตู้และใส่ยา,4,2,1,1,1,0,1.836,755.5,0,0
10-17-2564,FM5,5.64,26.9,0.02,0,8.22,47,76,47,38,135.736,2,0,1,0,16,3,1,0,0,0,0,0,0,0,1,1,0,136,11.6,9.2,5.6,Normal,1,0,0,0,0,1,Monogenean,1,24,3,1,Monogenean,1,7,1,3,1,เอาปลาลงตู้และใส่ยา,4,2,1,1,1,0,1.93,508.13,0,0
5-11-2564,FM6,6.47,24.7,0.2,0.02,8.44,46.5,137.5,47,39,249.3563,3,0,0,1,100,5,1,0,0,0,0,0,0,0,2,0,1,78,5.9,6.7,4.4,ครีบกร่อนที่ dorsal fin และ caudal fin,0,0,1,0,0,1,Trichodina,2,8,1,1,Monogenean,1,1,1,2,1,เอาปลาลงตู้และใส่ยาแก้อักเสบ,4,2,1,1,1,0,1.802,1362.4,0,0
5-11-2564,FM7,6.36,25.4,0.2,0.2,8.2,46.5,137.5,47,39,249.3563,2,0,1,0,30,4,1,0,0,0,0,0,0,0,1,1,0,102,12.8,8.4,6,"เหงือกกร่อนทั้งสองข้าง, มีเมือกมาก, ตาซ้ายขุ่น",0,1,1,0,1,1,Trichodina,2,0,0,1,"Monogenean1,Trichodina3",5,1,1,1,1,เอาปลาลงตู้และใส่ยาแก้อักเสบ,4,2,1,1,1,0,1.79,997.96,1,1
5-11-2564,FM8,6.94,24.5,0,0,8.38,46.5,76,47,37,130.758,1,1,0,0,13,3,1,0,0,0,0,0,0,0,2,0,1,140,10.5,6.9,4.4,"หนอนสมอ Learnaea spp. 10 ตัวที่ผิวหนัง ,จุดเลือดออกและแผลหลุม",0,0,1,0,1,1,Monogenean,1,3,1,0,0,0,0,0,1,1,เอาปลาลงตู้และใส่ยาแก้อักเสบ,4,3,1,1,1,0,1.841,1588.5,0,0
11-9-2564,BG1,6.35,24.4,0,0.01,8.78,,,,,,1,1,0,0,1,1,1,0,0,0,0,0,0,0,2,0,1,98,21.7,8.5,5.8,"ครีบกร่อนที่ pectoral fin และ caudal fin, เหงือกซีด, จุดเลือดออกที่ผิวหนัง",0,1,1,0,0,1,Monogenean,1,6,1,0,0,0,0,0,2,1,ใส่ยาฆ่าปรสิต 21-24 วัน และ Methelene bule,4,2,1,1,1,0,1.812,2122.3,0,0
11-9-2564,BG2,7.3,24.7,0.2,0.02,8.64,,,,,,2,0,1,0,,,0,0,0,0,1,0,0,0,2,0,1,114,32.6,7.5,5.8,เหงือกกร่อนและซีด,0,1,0,0,0,1,Monogenean,1,2,1,0,0,0,0,0,1,1,ใส่ยาฆ่าปรสิต 21-24 วัน และ Methelene bule,4,2,1,1,1,0,1.822,2604,0,0
9-10-2564,BG3,5.52,25.6,0.4,0.05,8.09,,,,,,2,0,1,0,,,0,1,0,0,1,0,0,0,1,1,0,,39,8.7,6.5,"เหงือกกร่อน, เนื้อตายที่ ventral abdomen, scale loss, peritonitis",0,1,1,0,0,1,Monogenean,1,14,2,1,Monogenean,1,0,0,3,1,ใส่ยาฆ่าปรสิต 21-24 วัน และ Methelene bule,4,2,1,1,1,0,1.822,508.97,0,0
9-10-2564,BG4,7.47,23.7,0,0.02,8.87,,,,,,1,1,0,0,1,1,0,0,0,0,1,0,0,0,1,1,0,80,116.3,13.5,9.5,"peritonitis, น้ำในช่องท้อง",0,0,0,1,0,0,0,0,0,0,0,0,0,0,0,0,1,ใส่ยาฆ่าปรสิต 21-24 วัน และ Methelene bule,4,2,1,1,1,0,1.374,146.77,0,0
9-10-2564,BG5,4.58,24.7,0.2,0.02,8.49,,,,,,1,1,0,0,,,0,0,0,0,0,1,0,0,1,1,0,,59.7,11.3,8.3,จุดเลือดออกและแผลหลุมที่ dorsal fin,0,0,1,0,0,0,0,0,0,0,1,Monogenean,1,10,1,2,1,ใส่ยาฆ่าปรสิต 21-24 วัน และ Methelene bule,4,2,1,1,1,0,0.134,2.932,0,0
11-28-2564,BG8,6.36,20.6,0.4,0.2,8.34,,,,,,1,1,0,0,4,1,0,1,0,0,0,0,0,0,2,0,1,,43.2,10.4,7.3,"ตาขวาบวมน้ำและพบจุดเลือดออก, จุดเลือดออกที่โคนหางด้านซ้าย",0,0,1,0,1,1,"Trichodina,Monogenean",5,"100,2",7,0,0,0,0,0,4,1,ใส่ยาฆ่าปรสิต 21-24 วัน และ Methelene bule,4,2,1,1,1,0,1.758,559.04,0,0
11-9-2564,OF1,5.7,25.5,0,0.01,7.27,60,45,40,29,78.3,1,1,0,0,1,1,0,0,1,0,0,0,0,0,2,0,1,60,1.8,4.8,3.3,เหงือกกร่อนและซีด,0,1,0,0,0,0,0,0,0,0,0,0,0,0,0,0,1,ใส่เกลือ Bionoc ยาปรับน้ำใส พัก1-2วัน,5,2,1,1,1,0,1.781,1590.5,1,1
11-9-2564,OF2,5.9,25.1,0,0.02,7.9,60,45,40,29,78.3,2,0,1,0,28,4,0,0,1,0,0,0,0,0,2,0,1,90,2.1,4.5,2.8,"เหงือกซีด, จุดขาวที่ผิวหนังและครีบ",0,1,1,0,0,1,Ichth,4,18,2,1,Monogenean,1,2,1,3,1,ใส่เกลือ Bionoc ยาปรับน้ำใส พัก1-2วัน,5,2,1,1,1,0,1.781,1724.6,0,0
9-10-2564,OF3,6.63,26.3,0,0.02,8.9,60,45,40,29,78.3,1,1,0,0,2,1,0,1,1,0,0,0,0,0,1,1,0,84,4.3,6.6,4,เหงือกซีด,0,1,0,0,0,0,0,0,0,0,0,0,0,0,0,0,1,ใส่เกลือ Bionoc ยาปรับน้ำใส พัก1-2วัน,5,2,1,1,1,0,1.999,1404.5,0,0
9-10-2564,OF4,6.79,25.3,25.3,0,8.34,60,45,40,29,78.3,3,0,0,1,36,4,1,0,0,0,0,0,0,0,2,0,1,60,1.7,4.3,2.7,แผลที่แผ่นปิดเหงือกด้านขวา,0,0,1,0,0,1,Monogenean,1,2,1,1,Monogenean,1,7,1,2,1,ใส่เกลือ Bionoc ยาปรับน้ำใส พัก1-2วัน,5,2,1,1,1,0,1.994,1303.6,1,1
9-10-2564,OF5,5.72,25.6,25.6,0.2,8.54,60,45,40,29,78.3,2,0,1,0,13,3,1,0,0,0,0,0,0,0,1,1,0,84,13.8,7.5,5.1,Normal,1,0,0,0,0,1,Monogenean,1,12,2,0,0,0,0,0,2,1,ใส่เกลือ Bionoc ยาปรับน้ำใส พัก1-2วัน,5,2,1,1,1,0,2.013,1288.7,0,0
11-28-2564,OF6,7.14,21,0,0.02,8.69,60,45,40,29,78.3,1,1,0,0,1,,,,,,,,,,,,,,11.9,9.3,5.6,Normal,1,0,0,0,0,0,0,0,0,0,1,Monogenean,1,1,1,1,1,ใส่เกลือ Bionoc ยาปรับน้ำใส พัก1-2วัน,5,3,1,1,1,0,1.96,431.85,0,1
11-28-2564,OF7,8.06,21,0,0.02,8.77,60,45,40,29,78.3,1,1,0,0,5,1,1,0,0,0,0,0,0,0,1,1,0,76,6.4,8,5.2,Normal,1,0,0,0,0,1,Monogenean,1,3,1,0,0,0,0,0,1,1,ใส่เกลือ Bionoc ยาปรับน้ำใส พัก1-2วัน,5,3,1,1,1,0,1.85,1049.7,0,0
11-28-2564,OF8,8.06,21,0,0.02,8.77,60,45,40,29,78.3,1,1,0,0,5,1,1,0,0,0,0,0,0,0,1,1,0,112,2.5,6.8,4,Normal,1,0,0,0,0,1,Monogenean,1,7,1,0,0,0,0,0,2,1,ใส่เกลือ Bionoc ยาปรับน้ำใส พัก1-2วัน,5,3,1,1,1,0,1.885,2652,0,0
11-9-2564,SK1,5.8,28.8,0,0.02,8.17,50,38,42,24,45.6,1,1,0,0,5,1,1,0,0,0,0,0,0,0,2,0,1,108,33.5,10.5,6.7,"เนื้อตายที่ผิวหนัง, scale loss, ครีบกร่อนที่ anal fin และ caudal fin",0,0,1,0,0,1,"Monogenean,Trichodina",5,"5,20",3,1,Monogenean,1,9,1,3,1,นำปลาลงตู้ ใส่เกลือและยาเหลืองประมาณ2-3วัน,5,1,1,1,1,0,1.901,1331.8,0,0
11-9-2564,SK2,5.3,28.1,0.2,0.5,8.4,50,38,42,23.5,44.65,2,0,1,0,32,4,0,0,1,0,0,0,0,0,2,0,1,90,7.7,7.3,4.6,จุดขาวที่ caudal fin,0,0,0,0,1,0,0,0,0,0,0,0,0,0,0,0,1,นำปลาลงตู้ ใส่เกลือและยาเหลืองประมาณ2-3วัน,5,1,1,1,1,0,1.856,1489.3,0,0
9-10-2564,SK3,7.23,24.6,2,0.01,8.02,52,61,42,24,76.128,3,0,0,1,100,5,0,0,1,0,0,1,0,0,1,1,0,132,7.4,7.7,4.4,ผิวหนังซีด,0,0,1,0,0,0,0,0,0,0,0,0,0,0,0,0,1,นำปลาลงตู้ ใส่เกลือและยาเหลืองประมาณ2-3วัน,5,1,1,1,1,0,1.781,782.56,0,0
9-10-2564,SK4,5.63,29.3,0.2,0.02,7.59,41.5,68,33,26.5,74.783,1,1,0,0,8,2,0,0,0,0,0,1,0,0,1,1,0,140,5.1,5.5,3.9,"เหงือกซีด, จุดเลือดออกที่ผิวหนังด้านล่าง, ครีบผิดรูปที่ pectoral fin",0,1,1,0,0,0,0,0,0,0,1,Monogenean,1,12,2,3,1,นำปลาลงตู้ ใส่เกลือและยาเหลืองประมาณ2-3วัน,5,1,1,1,1,0,1.9,1567.7,0,0
9-10-2564,SK5,7.06,24.9,0,0.02,7.74,41.5,68,33,26.5,74.783,3,0,0,1,50,4,0,0,0,0,0,0,1,0,2,0,1,80,4.9,4.8,3.8,"เหงือกซีด, ครีบผิดรูปที่ caudal fin",0,1,1,0,0,1,Trichodina,2,11,2,1,Monogenean,1,8,1,3,1,นำปลาลงตู้ ใส่เกลือและยาเหลืองประมาณ2-3วัน,5,1,1,1,1,0,1.896,2184.4,0,0
6-11-2564,SK6,6.6,25.8,0,0.02,7.96,41,82,33.5,26.5,89.093,3,0,0,1,70,5,0,0,0,0,0,1,1,0,1,1,0,80,5.5,7.7,4.3,น้ำในช่องท้อง,0,0,0,1,0,1,Monogenean,1,3,1,1,Monogenean,1,5,1,2,1,นำปลาลงตู้ ใส่เกลือและยาเหลืองประมาณ2-3วัน,5,2,1,1,1,0,1.812,1556.8,0,0
6-11-2564,SK7,6.65,28.2,0,0.05,7.9,51.5,61.5,42,30,95.0175,2,0,1,0,7,2,1,0,0,0,0,1,0,0,1,1,0,100,17.3,10,5.7,เห็บปลา Argulus spp. 5 ตัวที่ caudal fin,0,0,0,0,1,1,Monogenean,1,9,1,1,Monogenean,1,6,1,3,1,นำปลาลงตู้ ใส่เกลือและยาเหลืองประมาณ2-3วัน,5,2,1,1,1,0,1.792,1418.5,0,0
6-11-2564,SK8,5.39,28.9,0,0.02,7.77,41,82,33.5,29,97.498,3,0,0,1,60,5,1,0,0,0,0,0,0,0,2,0,1,114,6.6,6.2,4.8,pectoral fin ด้านขวาหายไปและพบจุดเลือดออก,0,0,1,0,0,1,Monogenean,1,7,1,0,0,0,0,0,2,1,นำปลาลงตู้ ใส่เกลือและยาเหลืองประมาณ2-3วัน,5,2,1,1,1,0,1.853,2146.7,0,0
11-9-2564,KH1,6.9,26.3,0.2,0.02,8.13,42,81,37,30,102.06,3,0,0,1,75,5,1,0,0,0,0,0,0,0,2,0,1,72,4.1,8.5,5,"จุดขาวที่ผิวหนัง, caudal fin และแผ่นปิดเหงือก",0,0,0,0,1,1,Ichth,4,8,1,0,0,0,0,0,2,1,Aquarium Bionoc Aquatic MG,4,2,0,1,0,1,1.831,1274.1,0,0
11-9-2564,KH2,7.2,26.1,0,0.5,8.22,42,81,37,30,102.06,1,1,0,0,5,1,1,0,0,0,0,0,0,0,2,0,1,98,4.7,6.5,3.7,"scale loss, ตาด้านขวาหาย, ครีบกร่อนที่ dorsal fin และ caudal fin, จุดเลือดออกที่ผิวหนังและ caudal fin",0,0,1,0,1,1,Monogenean,1,1,1,0,0,0,0,0,1,1,Aquarium Bionoc Aquatic MG,4,2,0,1,0,1,1.794,1240.5,0,0
9-10-2564,KH3,6.85,27.2,3,0.02,4.2,42,81,37,30,102.06,2,0,1,0,30,4,0,0,0,0,0,1,0,0,1,1,0,80,2.7,7.8,4.1,ผิวหนังซีด,0,0,1,0,0,0,0,0,0,0,0,0,0,0,0,0,1,Aquarium Bionoc Aquatic MG,4,2,0,1,0,1,2.69,529.94,0,0
9-10-2564,KH4,7.08,27.4,0,0.1,7.04,42,81,37,30,102.06,3,0,0,1,100,5,0,0,0,0,0,1,0,0,2,0,1,100,2,4.7,2.9,Normal,1,0,0,0,0,0,0,0,0,0,0,0,0,0,0,0,1,Aquarium Bionoc Aquatic MG,4,2,0,1,0,1,2.183,1227.3,0,1
9-10-2564,KH5,6.81,26.7,0.2,0.05,7.22,42,81,37,30,102.06,1,1,0,0,12,3,1,0,0,0,0,0,0,0,2,0,1,90,13.7,6.4,4.2,Normal,1,0,0,0,0,0,0,0,0,0,0,0,0,0,0,0,1,Aquarium Bionoc Aquatic MG,4,2,0,1,0,1,2.069,1987.8,0,0
11-28-2564,KH6,7.39,24.8,0,0.02,6.7,42,81,37,33,112.266,1,1,0,0,17,3,0,0,0,0,0,1,0,0,1,1,0,84,0.9,4,2.6,Normal,1,0,0,0,0,0,0,0,0,0,1,Monogenean,1,1,1,1,1,Aquarium Bionoc Aquatic MG,4,,0,1,0,1,1.745,2315.9,0,0
11-28-2564,KH7,7.43,24.1,0,0.02,4.61,42,81,37,33,112.266,1,1,0,0,8,2,0,0,0,0,0,0,1,0,1,1,0,126,2.8,5.8,3.2,"ผอม, จุดขาวที่ผิวหนังและหัว",0,0,0,0,1,0,0,0,0,0,0,0,0,0,0,0,1,Aquarium Bionoc Aquatic MG,4,,0,1,0,1,1.791,3312.1,0,0
11-28-2564,KH8,7.37,23.4,0,0.02,6.87,42,81,37,33,112.266,2,0,1,0,20,3,0,0,0,0,0,1,0,0,1,1,0,90,4.2,6.3,4,Normal,1,0,0,0,0,1,Monogenean,1,2,1,1,Monogenean,1,1,1,1,1,Aquarium Bionoc Aquatic MG,4,,0,1,0,1,1.741,2942.4,0,0
12-9-2564,PP1,6.62,23.8,0.2,0.02,8.62,41,64,40,29,76.096,1,1,0,0,4,1,1,0,0,0,0,0,0,0,2,0,1,66,4.7,6,4,เหงือกซีด,0,1,0,0,0,0,0,0,0,0,1,Monogenean,1,2,1,1,0,no,0,2,0,1,1,0,1.743,797.42,0,0
12-9-2564,PP2,6.96,23.8,0,0.01,8.59,41,32,40,29,38.048,1,1,0,0,3,1,1,0,0,0,0,0,0,0,2,0,1,44,2.4,4.8,2.9,ผิวหนังซีด,0,0,1,0,0,0,0,0,0,0,0,0,0,0,0,0,0,no,0,2,0,1,1,0,1.733,1163.1,0,0
10-16-2564,PP3,7.84,22,0,0,8.65,30,47,45,33,46.53,2,0,1,0,20,3,1,0,0,0,0,0,0,0,2,0,1,90,1.7,4.6,3,"เหงือกซีด, ครีบกร่อนที่ pectoral fin และ caudal fin, จุดเลือดออกที่ผิวหนังด้านซ้าย",0,1,1,0,0,1,Monogenean,1,13,2,0,0,0,0,0,2,1,ทำการแยกเลี้ยง,1,1,0,1,1,0,2.101,1031.3,0,0
10-16-2564,PP4,7.81,22.1,0,0,8.56,30,47,45,33,46.53,2,0,1,0,15,3,1,0,0,0,0,0,0,0,2,0,1,114,1.7,4.7,2.5,ผิวหนังซีด,0,0,1,0,0,1,Monogenean,1,1,1,0,0,0,0,0,1,1,ทำการแยกเลี้ยง,1,1,0,1,1,0,1.988,1459.3,0,0
10-16-2564,PP5,7.51,22.1,0,0,8.54,30,47,45,35,49.35,1,1,0,0,10,2,1,0,1,0,0,0,0,0,2,0,1,120,1.3,4.9,2.7,Normal,1,0,0,0,0,0,0,0,0,0,0,0,0,0,0,0,1,ทำการแยกเลี้ยง,1,1,0,1,1,0,2.249,1066.2,0,0
12-11-2564,PP6,7.07,23,0.2,0.02,8.36,46,31,46,34.5,49.197,1,1,0,0,7,2,1,0,0,0,0,0,0,0,2,0,1,120,5.6,7.1,4.4,"มีเมือกขาวที่ผิวหนัง, caudal fin และ dorsal fin",0,0,1,0,0,1,Monogenean1 Trichodina1 10x,5,1,1,1,Monogenean,1,4,1,1,1,ทำการแยกเลี้ยง,1,2,0,1,1,0,1.865,1409,1,1
12-11-2564,PP7,7.42,23,0,0.02,8.37,46,31,46,35,49.91,1,1,0,0,7,2,1,0,0,0,0,0,1,0,2,0,1,84,1.1,4.3,2.5,"เหงือกกร่อนและซีด, จุดขาวที่ครีบ ผิวหนังและหัว",0,1,0,0,1,1,Monogenean,1,7,1,1,"Monogenean, Centocestus",13,"2,2",1,2,1,ทำการแยกเลี้ยง,1,2,0,1,1,0,1.868,2008.6,1,1
12-11-2564,PP8,7.48,23,0,0.02,8.29,46,31,46,35,49.91,1,1,0,0,15,3,1,1,1,0,0,0,0,0,2,0,1,160,1,3.8,2.4,จุดสีขาวที่เหงือก,0,0,0,0,1,1,Monogenean,1,3,1,1,Monogenean,1,4,1,2,1,ทำการแยกเลี้ยง,1,2,0,1,1,0,1.863,3189.5,0,1
12-9-2564,MJ1,6.03,24.3,0,0.01,8.49,39,75,36,30,87.75,1,1,0,0,5,1,0,0,0,0,0,1,0,0,1,1,0,60,33.5,10.5,6.5,"scale coss ที่ลำตัวด้านซ้าย, เกล็ดพอง, เห็บปลา Argulus spp. มากกว่า 30 ตัวที่ผิวหนังและครีบ, จุดเลือดออกที่ครีบ",0,0,1,1,1,0,0,0,0,0,1,Centocestus,12,1,1,1,1,ใส่ Bionoc tetracyclin เกลือ,5,2,1,1,1,1,1.682,1686.8,0,0
12-9-2564,MJ2,6.15,24.8,0,0.05,8.11,39,75,36,30,87.75,2,0,1,0,50,4,0,0,0,0,0,1,0,0,1,1,0,80,5.7,7,4.2,เหงือกซีด,0,1,0,0,0,0,0,0,0,0,0,0,0,0,0,0,1,ใส่ Bionoc tetracyclin เกลือ,5,2,1,1,1,1,1.849,1294.2,0,0
10-16-2564,MJ3,4.75,21.6,3,1,6.63,39,76,39,30,88.92,3,0,0,1,30,4,0,0,0,0,1,0,1,0,1,1,0,80,12.3,9.8,5.5,จุดขาวกระจายที่ลำตัวและครีบ,0,0,0,0,1,1,"Ichth,Monogenean",6,"45,8",6,1,"Ichth,Monogenean",6,"22,4",3,4,1,ทำการแยกปลา,1,2,1,1,1,1,2.125,1477.2,0,0
10-16-2564,MJ4,5.73,21.9,2,1,6.32,39,76,39,34,100.776,2,0,1,0,30,4,0,0,0,0,1,0,0,0,1,1,0,84,3.9,6.1,4.1,จุดขาวและจุดเลือดออกที่ caudal fin,0,0,1,0,1,1,"Ichth,Monogenean",6,"35,21",6,1,"Ichth,Monogenean",6,"13,1",2,4,1,ทำการแยกปลา,1,2,1,1,1,1,2.023,1933.2,0,1
10-16-2564,MJ5,6.22,21.6,3,0.02,4.93,39,76,39,30,88.92,3,0,0,1,35,4,0,0,0,0,0,1,0,0,1,1,0,120,15,8.9,5,น้ำในช่องท้อง,0,0,0,1,0,1,Monogenean,1,0,0,1,Monogenean,1,14,2,2,1,ทำการแยกปลา,1,2,1,1,1,1,2.11,1863.1,0,0
12-11-2564,MJ6,6.08,23.5,1,0.05,7.82,91,111,29,18,181.818,2,0,1,0,100,5,0,0,0,0,1,0,0,0,1,1,0,132,2.8,6.3,3.5,"จุดเลือดออกที่ pectoral fin และ caudal fin, ตาซ้ายขุ่น",0,0,1,0,1,1,Monogenean,1,42,5,1,Monogenean,1,50,5,4,1,ทำการแยกปลา,1,2,1,1,1,1,1.883,2417.6,1,1
12-11-2564,MJ7,6.22,23,1,0.5,7.23,39,76.5,39,28,83.538,1,1,0,0,15,3,0,0,0,0,0,1,0,0,1,1,0,140,9.6,8.8,4.5,"จุดเลือดออกที่ pectoral fin, caudal fin, lower jaw และแผ่นปิดเหงือกด้านซ้าย",0,0,1,0,0,1,"Ichth,Monogenean",6,"5,38",5,1,"Ichth,Monogenean",6,"1,17",2,4,1,ทำการแยกปลา,1,2,1,1,1,1,1.879,3462.8,0,0
12-11-2564,MJ8,5.31,23.7,0.6,0.2,7.46,39,76.5,39,28,83.538,3,0,0,1,50,4,1,0,1,0,0,0,0,0,2,0,1,156,14.1,9.4,5.7,จุดขาวที่เหงือก,0,0,0,0,1,1,Monogenean,1,30,3,1,Monogenean,1,8,1,4,1,ทำการแยกปลา,1,2,1,1,1,1,1.842,2757.2,1,1
